frequency_hz,power
0.0,1.7676397325860713e-25
0.0002,49639.081828486276
0.0004,24636.665298305667
0.0006000000000000001,15390.708994105747
0.0008,14092.184611293298
0.001,1261.1019341416113
0.0012000000000000001,4042.2443967726817
0.0014,967.9611653294809
0.0016,5862.372585391636
0.0018000000000000002,5958.636582176268
0.002,3044.7853519705463
0.0022,657.5479949767774
0.0024000000000000002,1139.2844123924626
0.0026000000000000003,673.6703708635929
0.0028,384.7700651175334
0.003,367.2090241207954
0.0032,247.83494573883152
0.0034000000000000002,100.58517180439823
0.0036000000000000003,8.605859790959581
0.0038,345.14791290523374
0.004,459.2528397442042
0.004200000000000001,1197.4029854669177
0.0044,157.50798127704317
0.0046,1063.8395218001301
0.0048000000000000004,371.23345946894716
0.005,314.44573687138535
0.005200000000000001,681.2064616669247
0.0054,24.762541098608633
0.0056,750.2485217382091
0.0058000000000000005,53.22412943290601
0.006,667.6249852156994
0.006200000000000001,460.37707199200486
0.0064,321.82726207207804
0.0066,293.85880559439204
0.0068000000000000005,259.98940330442014
0.007,306.57047574918323
0.007200000000000001,3.310607597307049
0.0074,151.34068701684973
0.0076,649.3940884780801
0.0078000000000000005,276.35241739664303
0.008,283.3990236452529
0.0082,17.241375017796518
0.008400000000000001,152.15824297938963
0.0086,1211.570247346175
0.0088,118.26604328100758
0.009000000000000001,429.81221658841406
0.0092,211.1101478885489
0.0094,325.3225251110442
0.009600000000000001,32.277190732719696
0.0098,385.9339079828756
0.01,643.2427443340368
0.0102,328.8327437168993
0.010400000000000001,260.4394166305007
0.0106,82.04966541187893
0.0108,6.853853995094488
0.011000000000000001,127.9413655820087
0.0112,400.91408006130683
0.0114,210.32944186497255
0.011600000000000001,117.69364628183362
0.0118,795.8935298815359
0.012,258.6752931156499
0.0122,3.166685471757169
0.012400000000000001,491.1281617567894
0.0126,129.11669369953
0.0128,55.545462338326985
0.013000000000000001,145.49294951734367
0.0132,57.8075336088539
0.0134,342.52952868852844
0.013600000000000001,71.55338368345055
0.013800000000000002,36.130091763500076
0.014,112.26528416719388
0.0142,603.9099368129695
0.014400000000000001,270.67221407961847
0.0146,13.728580019557956
0.0148,31.94614496490383
0.015000000000000001,29.79304256097579
0.0152,167.32287584275292
0.0154,161.77536658590824
0.015600000000000001,979.2888034670051
0.0158,126.9642851914556
0.016,270.3824392474893
0.0162,553.3053407605104
0.0164,313.80720040162146
0.0166,20.79114567699169
0.016800000000000002,206.3754816480354
0.017,26.23652985669562
0.0172,6.69120989971769
0.017400000000000002,19.276082092153462
0.0176,27.016006054605015
0.0178,207.47197931374825
0.018000000000000002,141.56043938376413
0.0182,258.9526837195352
0.0184,29.150120885299607
0.018600000000000002,28.32956102996345
0.0188,331.10943695346884
0.019,174.42931551505538
0.019200000000000002,184.61761631509899
0.0194,40.04929240412747
0.0196,206.72105173745044
0.0198,51.18591009866312
0.02,171.96163250548807
0.020200000000000003,127.45495106248427
0.0204,231.4904564755665
0.0206,54.342084361270395
0.020800000000000003,202.46632171448746
0.021,162.15586400928757
0.0212,250.716467994256
0.021400000000000002,16.552758283545316
0.0216,40.128676571419355
0.0218,57.59425569593993
0.022000000000000002,986.7963177672862
0.0222,386.51064513469606
0.0224,64.62510774120278
0.022600000000000002,12.565334570547027
0.0228,143.27221899692117
0.023,26.771547434183873
0.023200000000000002,253.14083986766482
0.0234,153.41169691968855
0.0236,29.235936482626432
0.0238,153.3822730864141
0.024,441.1723348068944
0.024200000000000003,251.27530841390262
0.0244,0.04280821637318301
0.0246,11.184523897787923
0.024800000000000003,117.65873669804257
0.025,249.15879280754473
0.0252,24.147286698148285
0.025400000000000002,451.8178164679316
0.0256,494.1832610847053
0.0258,94.1996165837736
0.026000000000000002,39.15070497506301
0.0262,222.27304509027311
0.0264,332.0308593227115
0.026600000000000002,253.96373427757226
0.0268,570.1691684825735
0.027,105.71056651743113
0.027200000000000002,164.52054993892548
0.0274,11.561319589023086
0.027600000000000003,277.0359480833401
0.027800000000000002,700.7832858068595
0.028,175.86222199232708
0.028200000000000003,250.02478857091694
0.0284,699.5393217988238
0.0286,31.11880362854736
0.028800000000000003,149.0325676102072
0.029,13.899619728627354
0.0292,236.78586652391138
0.029400000000000003,68.29367357386141
0.0296,54.50243204454791
0.0298,11.452850366866553
0.030000000000000002,715.2848913591321
0.0302,11.72542233501937
0.0304,177.08265792999867
0.030600000000000002,718.3395788669586
0.0308,195.10630194365183
0.031,205.9197872584019
0.031200000000000002,27.834278222221865
0.031400000000000004,797.7595243450658
0.0316,78.89734626746093
0.0318,4.744480909860152
0.032,621.3778947473797
0.0322,11.104978808459345
0.0324,116.09685421451502
0.032600000000000004,40.028716624819324
0.0328,206.86401683648617
0.033,73.92899648018957
0.0332,414.9050786833504
0.0334,227.49899047783114
0.033600000000000005,58.547853095044815
0.033800000000000004,358.93711278433733
0.034,64.36130134637396
0.0342,82.81214964743926
0.0344,83.25579463001012
0.0346,175.69381065556271
0.034800000000000005,88.30740644377995
0.035,387.6950448019308
0.0352,141.01731477479848
0.0354,50.85929386654696
0.0356,18.74176673214364
0.0358,37.163842512555235
0.036000000000000004,288.8588682402249
0.0362,24.632813417949055
0.0364,236.848324543939
0.0366,7.921266851045863
0.0368,146.27389047127326
0.037000000000000005,1.1294025102314993
0.037200000000000004,202.73238630852046
0.0374,4.294369018368589
0.0376,291.7076783702335
0.0378,320.8461832297498
0.038,16.684456915737055
0.038200000000000005,452.5640464028073
0.038400000000000004,114.51629292000248
0.0386,1.551395030406756
0.0388,70.49849102902479
0.039,48.50332546943516
0.0392,663.1688056206767
0.039400000000000004,335.2150260492893
0.0396,546.0855845129015
0.0398,111.96760556705999
0.04,74.07237327789808
0.0402,596.1192436287444
0.040400000000000005,324.2846225778441
0.040600000000000004,23.73198559744507
0.0408,186.77316763680034
0.041,67.2733909354455
0.0412,10.77522098907553
0.0414,495.96659803999995
0.041600000000000005,781.1014945398036
0.041800000000000004,440.93787830507847
0.042,223.25084922638362
0.0422,219.16903809052053
0.0424,144.18080646799103
0.0426,88.80884006159347
0.042800000000000005,88.57820615000112
0.043000000000000003,522.4153690249739
0.0432,172.5404703887973
0.0434,145.19401370881332
0.0436,216.02992779997294
0.0438,610.0479111529331
0.044000000000000004,321.1029104715617
0.0442,294.8431067072368
0.0444,206.35941226780074
0.0446,126.22410263368008
0.0448,348.1809754614482
0.045000000000000005,123.05396927618021
0.045200000000000004,18.433277945301445
0.0454,24.921065908420548
0.0456,3.5786958128244843
0.0458,15.652492042307529
0.046,8.705882018066072
0.046200000000000005,41.29145174656051
0.046400000000000004,179.477717313
0.0466,32.31532154673729
0.0468,4.550806783435652
0.047,252.72674334756485
0.0472,385.0286984001723
0.047400000000000005,291.20101672442377
0.0476,409.41115505389126
0.0478,56.48677776301759
0.048,159.36334301893845
0.0482,43.60466149238787
0.048400000000000006,91.5671952710329
0.048600000000000004,228.8132796939615
0.0488,13.797758591482689
0.049,27.655881001217704
0.0492,305.4649792332283
0.0494,1098.6112532671777
0.049600000000000005,480.50925706518365
0.049800000000000004,43.10137824822643
0.05,274.8594546090474
0.0502,18.382159170874978
0.0504,34.762804050943
0.0506,689.9570046296056
0.050800000000000005,342.16822068950876
0.051000000000000004,86.67325700154909
0.0512,213.12788329940574
0.0514,259.6920837823568
0.0516,624.9590230146472
0.051800000000000006,32.25920517991264
0.052000000000000005,285.80223773502775
0.0522,53.33932209055179
0.0524,434.2516815944964
0.0526,4.649410832231406
0.0528,28.65645741324215
0.053000000000000005,225.93111679428736
0.053200000000000004,298.81030364889654
0.0534,897.0719681182532
0.0536,38.95633067469379
0.0538,33.41035356061887
0.054,154.21688680380547
0.054200000000000005,289.5584675713492
0.054400000000000004,593.8698858661525
0.0546,0.6486487806407155
0.0548,268.25423112251667
0.055,133.85049063256236
0.055200000000000006,389.7937469277441
0.055400000000000005,208.42356182913616
0.055600000000000004,654.165060510177
0.0558,37.0668098031327
0.056,91.8987710153372
0.0562,92.84191145197532
0.056400000000000006,72.01296485224712
0.056600000000000004,142.6256078300056
0.0568,683.8585206158722
0.057,263.8648415946125
0.0572,124.22032777078817
0.0574,355.4722794403369
0.057600000000000005,196.9533466126677
0.057800000000000004,1116.707733371857
0.058,41.253977946351
0.0582,129.28027020876584
0.0584,339.6941206548152
0.058600000000000006,219.14664667688487
0.058800000000000005,222.5472553089078
0.059000000000000004,86.4568870464541
0.0592,446.7763623251382
0.0594,346.7436273313689
0.0596,484.96455297422654
0.059800000000000006,120.19068759795061
0.060000000000000005,190.8809945619558
0.060200000000000004,20.026313050478972
0.0604,80.84598948845823
0.0606,39.46096859494702
0.0608,227.5763990816798
0.061000000000000006,197.4445902367535
0.061200000000000004,0.22917885747985514
0.0614,336.3160013734209
0.0616,33.54587242472919
0.0618,31.595603527168812
0.062,16.12294590829027
0.062200000000000005,255.7537211922175
0.062400000000000004,1071.0008540084896
0.0626,255.83618442354995
0.06280000000000001,100.62018046334784
0.063,285.7522233582729
0.0632,412.2149893640085
0.0634,193.74332919019426
0.0636,73.12653733702533
0.06380000000000001,243.82564711371433
0.064,124.32957996576899
0.06420000000000001,134.85310251940908
0.0644,58.77059251947501
0.0646,161.5192490855928
0.0648,42.16163323451162
0.065,58.16056477606252
0.06520000000000001,147.72820157012214
0.0654,226.60578169340607
0.0656,4.550393889758328
0.0658,125.90558664294794
0.066,436.572549986381
0.06620000000000001,89.48199114814611
0.0664,235.70895919396472
0.0666,201.85926228277538
0.0668,133.1264258043501
0.067,171.07122445910633
0.06720000000000001,472.32261972977994
0.0674,151.56172463737795
0.06760000000000001,426.56474973787545
0.0678,286.1433808018792
0.068,445.8751645187566
0.0682,59.740223688564626
0.0684,228.75415896754345
0.06860000000000001,95.49177638308684
0.0688,255.19131120288256
0.069,241.86548764201416
0.0692,270.73769010268796
0.0694,518.7266496904614
0.06960000000000001,726.3672776248407
0.0698,250.11813712718777
0.07,400.6380048334073
0.0702,305.435083710131
0.0704,477.99098551999174
0.07060000000000001,643.3412278303679
0.0708,85.8020396994445
0.07100000000000001,971.8855847436363
0.0712,266.2878162082751
0.0714,102.72697399734466
0.0716,199.34723198857364
0.0718,613.4358557538287
0.07200000000000001,104.53149436440354
0.0722,344.09096018110023
0.0724,530.4089336026356
0.0726,254.85495959123918
0.0728,144.65993976494397
0.07300000000000001,171.08047434658138
0.0732,195.67840485598924
0.0734,29.98999312530229
0.0736,346.64453601721993
0.0738,308.8156680007441
0.07400000000000001,60.50717917866724
0.0742,4.695030247534871
0.07440000000000001,66.58303797587604
0.0746,556.5694282424352
0.0748,81.64714945190093
0.075,191.54478300620525
0.0752,1105.9503200950244
0.07540000000000001,276.6053656208159
0.0756,89.70176510976493
0.0758,53.35312652733098
0.076,444.64712241729933
0.0762,363.0567210658877
0.07640000000000001,12.831166444894748
0.0766,15.139549691289774
0.07680000000000001,150.79321463076576
0.077,145.68526756324206
0.0772,298.27450073181006
0.07740000000000001,398.41872323076814
0.0776,10.565415828672164
0.07780000000000001,498.9528322449646
0.078,198.5544414252548
0.0782,216.8430878966394
0.0784,50.444930073170646
0.0786,18.40361193573769
0.07880000000000001,10.98390302539069
0.079,272.42342103709404
0.0792,258.6846722546567
0.0794,96.99395434333204
0.0796,252.98737808501636
0.07980000000000001,395.27997472480786
0.08,580.0664881888265
0.08020000000000001,252.66802110644747
0.0804,253.81352737291158
0.0806,46.85698613859085
0.08080000000000001,169.0734310217266
0.081,203.55695389677095
0.08120000000000001,204.2769665267828
0.0814,805.5332097185972
0.0816,49.71842135202083
0.0818,506.30630715715085
0.082,77.9859738287116
0.08220000000000001,202.37652845773624
0.0824,167.5966415070655
0.0826,29.60128414254431
0.0828,176.23346370446862
0.083,79.76658992461941
0.08320000000000001,251.1332252086796
0.0834,93.36162174200174
0.08360000000000001,94.972915426897
0.0838,403.91106537154883
0.084,244.01721831411598
0.08420000000000001,104.05787455034952
0.0844,285.0107323456167
0.08460000000000001,471.0358363349104
0.0848,491.68084103831507
0.085,135.04910696799467
0.0852,196.70515562021953
0.0854,42.690908605824134
0.08560000000000001,52.96780752827205
0.0858,7.087405299152726
0.08600000000000001,64.84859786139792
0.0862,6.619978619408022
0.0864,607.0271935364888
0.08660000000000001,264.183371859993
0.0868,23.720399866953258
0.08700000000000001,411.39314315777233
0.0872,75.4663288286173
0.0874,241.7209219535946
0.0876,35.56310183383258
0.0878,112.63853104603099
0.08800000000000001,296.263001269003
0.0882,65.846080427571
0.0884,503.762886771092
0.0886,475.1295770836071
0.0888,293.81980290243405
0.08900000000000001,503.28255816410444
0.0892,194.65511213296475
0.08940000000000001,85.62544454932316
0.0896,262.80075086663203
0.0898,155.87053679347414
0.09000000000000001,151.082093424881
0.0902,64.33229783347791
0.09040000000000001,214.8497645147645
0.0906,247.88538226273567
0.0908,252.4575308408107
0.091,18.90749225759312
0.0912,0.09783718618918161
0.09140000000000001,1047.8329899395048
0.0916,77.94988749074874
0.0918,483.16826718408055
0.092,384.12242647683695
0.0922,579.5304301982769
0.09240000000000001,61.70992782028392
0.0926,682.5210219444305
0.09280000000000001,283.5668384625451
0.093,204.0304814734766
0.0932,399.98973102659374
0.09340000000000001,1267.2114060413753
0.0936,53.9538607890427
0.09380000000000001,38.22566803040401
0.094,123.2781601143513
0.0942,507.46017013215703
0.0944,13.20300330167618
0.0946,159.07038251946312
0.09480000000000001,456.50542520402456
0.095,175.34877449834917
0.0952,459.4040843939257
0.0954,215.7500252953741
0.0956,208.43649251939976
0.09580000000000001,111.897512084589
0.096,494.8815451534876
0.09620000000000001,689.7751638934626
0.0964,420.8601853929498
0.0966,7.960742178612108
0.09680000000000001,311.6603030026656
0.097,284.0116906701362
0.09720000000000001,8.770692973783726
0.0974,380.8538389583444
0.0976,490.0886672239733
0.0978,19.737611713722284
0.098,329.41335570013
0.09820000000000001,197.66236875642383
0.0984,472.69016836225416
0.09860000000000001,252.39063609750588
0.0988,54.16698104725245
0.099,11.228161624134207
0.09920000000000001,816.447193272409
0.0994,5.766974687836207
0.09960000000000001,38.674019191456374
0.0998,110.19987853330642
0.1,173.68248646072993
0.10020000000000001,634.7765911661559
0.1004,239.95781392432983
0.10060000000000001,484.00291943102593
0.1008,36.81643390448933
0.101,355.6629286646631
0.1012,25.03448760019509
0.1014,99.38545375591775
0.10160000000000001,55.11967666276624
0.1018,231.75378095209962
0.10200000000000001,151.70743719722083
0.1022,65.90779163172037
0.1024,147.49511064659484
0.10260000000000001,449.49944283707936
0.1028,222.23679232952438
0.10300000000000001,274.63118392246884
0.1032,1.4565893668418817
0.1034,143.22092085539634
0.10360000000000001,168.88035690226442
0.1038,361.4848548245871
0.10400000000000001,60.631986350161434
0.1042,206.36011941657824
0.1044,40.65727858524872
0.1046,788.0622149842766
0.1048,478.4790506253991
0.10500000000000001,187.3358152757731
0.1052,66.41058434169712
0.10540000000000001,178.44530666749577
0.1056,7.122101151540096
0.1058,130.94120245301943
0.10600000000000001,65.89238922050146
0.1062,79.6330075066105
0.10640000000000001,153.0960428188263
0.1066,181.2369694665028
0.1068,95.21430338559365
0.10700000000000001,146.9259773344691
0.1072,76.00372646294059
0.10740000000000001,11.878180028172002
0.1076,332.5551873463102
0.1078,9.83318679988684
0.108,608.5278074125548
0.1082,52.89983899101886
0.10840000000000001,70.26483839821036
0.1086,10.446843602994782
0.10880000000000001,241.7630506079746
0.109,182.96535997500183
0.1092,119.4051234749777
0.10940000000000001,5.028376247571993
0.1096,72.59382569415814
0.10980000000000001,409.16992951035576
0.11,238.37263849397968
0.1102,149.29409649651683
0.11040000000000001,171.1262543038284
0.1106,249.40168081649915
0.11080000000000001,113.86570635409342
0.111,187.68069200228524
0.11120000000000001,343.7191251986489
0.1114,271.2414651939999
0.1116,85.40377010123782
0.11180000000000001,76.45178407850273
0.112,88.52101101781832
0.11220000000000001,75.84904702126126
0.1124,79.44261313606746
0.1126,391.14198918596975
0.11280000000000001,20.577057051934634
0.113,364.25980448742996
0.11320000000000001,21.75871310281835
0.1134,543.8491446692855
0.1136,267.2014304482405
0.11380000000000001,222.13696731572946
0.114,102.52645677004358
0.11420000000000001,110.89263193273263
0.1144,353.66404473050045
0.11460000000000001,589.3239531978105
0.1148,45.84292447965323
0.115,90.59939701230718
0.11520000000000001,17.013406848639228
0.1154,268.7591766004124
0.11560000000000001,209.86664973077168
0.1158,30.304862446455132
0.116,14.636045764293478
0.11620000000000001,38.17048341580346
0.1164,2.4715951848011506
0.11660000000000001,316.06424869860274
0.1168,162.9894092655236
0.117,81.05299216516795
0.11720000000000001,54.00969839145901
0.1174,49.278451833803565
0.11760000000000001,82.14346964052815
0.1178,263.389520242452
0.11800000000000001,8.76292075011774
0.1182,30.989546980853447
0.1184,225.3069059456265
0.11860000000000001,158.57234833815912
0.1188,108.32577005704476
0.11900000000000001,139.33916479536524
0.1192,122.55187931688114
0.1194,320.52179912483194
0.11960000000000001,22.258800745735222
0.1198,194.41366394360614
0.12000000000000001,127.80933298522325
0.1202,46.81762211959653
0.12040000000000001,23.947593415004746
0.1206,212.79459030571417
0.1208,59.3767458496946
0.12100000000000001,458.13440551376846
0.1212,372.7599125248743
0.12140000000000001,3.972911626579862
0.1216,149.67747800543265
0.1218,633.2478740488408
0.12200000000000001,36.003541207798236
0.1222,169.36419750773194
0.12240000000000001,17.59192684169956
0.1226,9.471994971103582
0.1228,87.7368246757739
0.12300000000000001,147.40371413549775
0.1232,64.57341809365512
0.12340000000000001,96.04892673349119
0.1236,68.10969700614143
0.12380000000000001,273.6406971661404
0.124,41.07339689361629
0.1242,7.975493613757345
0.12440000000000001,525.8635710222219
0.1246,92.57750219027756
0.12480000000000001,62.33885829193406
0.125,303.9304196425257
0.1252,88.39933130636383
0.1254,199.0440937617457
0.12560000000000002,126.49759902793339
0.1258,482.8325310692264
0.126,166.3808495890642
0.1262,333.85973373336225
0.1264,421.44602997923715
0.12660000000000002,380.17642489684994
0.1268,352.1404543118937
0.127,174.4553431755894
0.1272,33.899371849084446
0.1274,313.77410113616787
0.12760000000000002,287.260845849934
0.1278,285.813752583843
0.128,40.123209241397376
0.1282,212.5074264231427
0.12840000000000001,168.61849509672274
0.12860000000000002,219.19889319275947
0.1288,412.02013593755413
0.129,10.597888467085467
0.1292,617.686176397796
0.12940000000000002,111.80038413477067
0.1296,17.790074433252688
0.1298,147.9125174312027
0.13,113.83082102473794
0.1302,132.81000221210604
0.13040000000000002,358.0263260816263
0.1306,88.35939714558967
0.1308,143.705162685835
0.131,71.10423400534462
0.1312,218.14185726994918
0.13140000000000002,134.1853666077746
0.1316,21.18252580775809
0.1318,291.57951837470875
0.132,165.3059961826076
0.1322,40.84859833707237
0.13240000000000002,2.794115195041944
0.1326,30.50517552775059
0.1328,321.1819984049184
0.133,185.90488914905401
0.1332,469.1615809516184
0.13340000000000002,398.0829655603744
0.1336,11.740998751332441
0.1338,675.8374681725686
0.134,123.03494052073485
0.1342,146.1044450907447
0.13440000000000002,93.97022873062097
0.1346,97.10356616248897
0.1348,343.30762677037313
0.135,238.72166881649642
0.13520000000000001,78.38635897442981
0.13540000000000002,515.137781383197
0.1356,222.5998092409394
0.1358,457.4219672844324
0.136,81.00223402245236
0.13620000000000002,325.19647655344414
0.1364,126.76947431113001
0.1366,45.87828416765957
0.1368,114.49003153521421
0.137,27.12154421551514
0.13720000000000002,89.58435567404237
0.1374,253.574475694501
0.1376,179.02432463602926
0.1378,66.48742917089058
0.138,36.542795068994145
0.13820000000000002,210.27384765216297
0.1384,45.745271900985756
0.1386,227.1772608743788
0.1388,189.6217164453093
0.139,76.00057709748314
0.13920000000000002,23.195388102386673
0.1394,153.90449129922214
0.1396,5.286600844308027
0.1398,349.7302307393727
0.14,47.70522161716088
0.14020000000000002,40.16136149698461
0.1404,488.34602454427005
0.1406,170.15743084623296
0.1408,213.37442536693857
0.14100000000000001,108.97124493125413
0.14120000000000002,174.81164313866816
0.1414,101.8154461471414
0.1416,49.40620509930826
0.1418,21.79687316390556
0.14200000000000002,453.16776401938216
0.1422,245.40890749361165
0.1424,67.90995534881755
0.1426,14.418083113191635
0.1428,55.06777274367105
0.14300000000000002,145.43981320459778
0.1432,103.98349021953766
0.1434,140.69623857740217
0.1436,67.42673969357537
0.1438,70.77277138014632
0.14400000000000002,11.688632421072489
0.1442,365.7212463537967
0.1444,212.12672366757863
0.1446,47.20407997378343
0.1448,198.81968759225282
0.14500000000000002,97.89568564499908
0.1452,93.41645384619167
0.1454,142.24960686870978
0.1456,127.08848810521677
0.1458,119.39218171503244
0.14600000000000002,169.86891717048223
0.1462,25.3497135831883
0.1464,142.8834155217626
0.1466,710.7158415253381
0.1468,33.54071109013375
0.14700000000000002,133.5970345432827
0.1472,282.73598419860804
0.1474,7.7029191176958
0.1476,421.9948776074143
0.14780000000000001,428.834509462195
0.14800000000000002,47.31533972728182
0.1482,87.70820206727723
0.1484,767.0185231165814
0.1486,77.45541000736621
0.14880000000000002,238.7309575582138
0.149,370.34528275522877
0.1492,125.45427694803921
0.1494,359.0486025287229
0.1496,105.88052480510993
0.14980000000000002,424.808546991063
0.15,62.37885062806044
0.1502,300.96060856833003
0.1504,127.94173903404332
0.1506,219.52864626198635
0.15080000000000002,262.75053468084116
0.151,67.84741019756943
0.1512,31.963555597449258
0.1514,224.6194837778623
0.1516,145.86039504911486
0.15180000000000002,33.08054001650102
0.152,130.20236944567583
0.1522,59.13536838124335
0.1524,164.78513033692968
0.1526,50.65768281295788
0.15280000000000002,27.38456959310894
0.153,7.605779519058188
0.1532,40.586226383267224
0.1534,51.601776660950186
0.15360000000000001,36.13980843480639
0.15380000000000002,36.14675009450621
0.154,490.0762499042026
0.1542,0.7505862098536804
0.1544,77.2412792694891
0.15460000000000002,2.241897462483694
0.15480000000000002,79.2444503350796
0.155,20.701649508390805
0.1552,71.25434577537982
0.1554,724.7959351378796
0.15560000000000002,513.1184424229342
0.1558,48.64919398097018
0.156,394.5450657967106
0.1562,792.9438681882592
0.1564,25.923135474427387
0.15660000000000002,78.46260898311013
0.1568,181.8998799667384
0.157,675.4695297577798
0.1572,73.70785314591313
0.1574,39.01274885022617
0.15760000000000002,203.98360650510816
0.1578,53.44762132205522
0.158,0.4313729543928224
0.1582,91.81206625719766
0.1584,462.7724234930316
0.15860000000000002,38.32067194506135
0.1588,187.62286283824082
0.159,220.2555199332316
0.1592,239.51548681975365
0.15940000000000001,7.467010294219919
0.15960000000000002,106.22376347227875
0.1598,115.0559468395957
0.16,57.04929387250879
0.1602,225.68505366230164
0.16040000000000001,94.5053000185472
0.16060000000000002,41.831510722087515
0.1608,2.9223139569435648
0.161,21.20047069519492
0.1612,89.24313279960893
0.16140000000000002,40.543973841541664
0.16160000000000002,684.5165895142974
0.1618,238.91726901711445
0.162,119.69726866961655
0.1622,18.2796289325762
0.16240000000000002,19.745774598350568
0.1626,571.3346619803498
0.1628,470.2489663254822
0.163,77.39863263028934
0.1632,47.27010975058288
0.16340000000000002,218.03112324888656
0.1636,262.8878685564246
0.1638,29.00837739358783
0.164,121.52452162604507
0.1642,67.40219202111629
0.16440000000000002,114.86115818273092
0.1646,57.20312039168581
0.1648,863.6286286756879
0.165,29.190405026744113
0.1652,43.17792599705397
0.16540000000000002,12.270690625672666
0.1656,13.72817626755699
0.1658,98.54656273137431
0.166,146.98346485663225
0.16620000000000001,2.6192647613867273
0.16640000000000002,242.766596052222
0.1666,31.85937432102588
0.1668,69.96800900734199
0.167,200.6211718703465
0.16720000000000002,105.24505762234197
0.16740000000000002,353.4571877857138
0.1676,136.4735623592672
0.1678,160.79558185031308
0.168,5.4550348979922445
0.16820000000000002,27.030271838151105
0.16840000000000002,337.2148821430456
0.1686,117.43041475681125
0.1688,36.98848056373933
0.169,787.7048703706691
0.16920000000000002,46.14165353654957
0.1694,42.4099159059186
0.1696,391.2262017783987
0.1698,37.08740123497
0.17,392.3175665773867
0.17020000000000002,445.3431668200844
0.1704,32.53219380319838
0.1706,34.44578819451141
0.1708,59.3369152557137
0.171,58.682712420780724
0.17120000000000002,20.454525365370962
0.1714,4.121060201284186
0.1716,225.63865019457018
0.1718,381.80131525582385
0.17200000000000001,52.649607752849036
0.17220000000000002,85.05765739727099
0.1724,179.2508015937016
0.1726,32.67392252878027
0.1728,319.78538876143165
0.17300000000000001,154.7339754669569
0.17320000000000002,51.35889186736727
0.1734,53.24729727220159
0.1736,176.93333659132776
0.1738,353.83245523252367
0.17400000000000002,178.6650045878184
0.17420000000000002,35.892700916179336
0.1744,47.37616496108644
0.1746,9.311573280470958
0.1748,79.81967598445348
0.17500000000000002,103.5975245427309
0.1752,159.20079368355715
0.1754,110.18599233397617
0.1756,35.25219131770668
0.1758,93.69121538048016
0.17600000000000002,51.710493439291525
0.1762,41.13255380998895
0.1764,164.55778384966527
0.1766,44.93850243054664
0.1768,20.3159355315169
0.17700000000000002,310.80612602613974
0.1772,13.692400485393417
0.1774,118.61819315940437
0.1776,42.68121899812876
0.1778,118.5938165520564
0.17800000000000002,105.95737520805793
0.1782,217.2883915454978
0.1784,68.11217765963698
0.1786,45.50416407677057
0.17880000000000001,40.60597183160799
0.17900000000000002,21.623455125224517
0.1792,2.790267415051893
0.1794,64.31039765970753
0.1796,10.236399663967497
0.17980000000000002,121.62402382380922
0.18000000000000002,101.03853042277633
0.1802,195.80609967087992
0.1804,154.16455731958655
0.1806,144.2147170013768
0.18080000000000002,112.24556120677802
0.18100000000000002,10.202877653405796
0.1812,65.83894527135112
0.1814,114.09019380193341
0.1816,127.5568660658122
0.18180000000000002,362.34563938685113
0.182,89.62497210841005
0.1822,38.13492096300137
0.1824,374.71325920890973
0.1826,66.40371541249498
0.18280000000000002,12.020554112539843
0.183,103.3953459368823
0.1832,170.4215106972639
0.1834,19.226223692634054
0.1836,76.23380714391244
0.18380000000000002,398.09259453158637
0.184,41.615074306500254
0.1842,147.27511471995626
0.1844,62.837175733949664
0.18460000000000001,19.688167044156362
0.18480000000000002,114.29317325790394
0.185,123.42397889600929
0.1852,214.16416419048755
0.1854,41.546649639346754
0.18560000000000001,11.639383173077555
0.18580000000000002,163.30685317797855
0.186,88.04325822277872
0.1862,73.91497878110091
0.1864,55.20861632764349
0.18660000000000002,31.419727481880404
0.18680000000000002,55.088812549073786
0.187,2.10619560121827
0.1872,145.82345203051636
0.1874,41.64115904415843
0.18760000000000002,25.852201777379914
0.18780000000000002,168.5979147079114
0.188,103.0163628738576
0.1882,63.50607062676256
0.1884,119.95034278945853
0.18860000000000002,895.2119536624916
0.1888,90.89261162790326
0.189,88.84991613703566
0.1892,234.98940541044612
0.1894,64.72209946477471
0.18960000000000002,31.770171510542713
0.1898,0.6103652056981519
0.19,11.643650805911125
0.1902,48.84221092678317
0.1904,148.11439215861685
0.19060000000000002,141.60584511057272
0.1908,280.49150463891516
0.191,112.07866743042732
0.1912,240.4596335927008
0.19140000000000001,37.35552707317966
0.19160000000000002,2.7090835828131277
0.1918,561.3368140978781
0.192,0.46592452376048976
0.1922,69.88748572943294
0.19240000000000002,172.5590820527824
0.19260000000000002,259.31852161696145
0.1928,41.36886068170606
0.193,28.50914140722488
0.1932,54.05963562533997
0.19340000000000002,174.66863086837196
0.19360000000000002,225.0949147497898
0.1938,107.06461722745753
0.194,45.86782168561496
0.1942,38.287254234943326
0.19440000000000002,28.28787106784045
0.19460000000000002,196.07887906258864
0.1948,80.58468843623723
0.195,157.34892143291427
0.1952,60.022450541611654
0.19540000000000002,204.19553475419616
0.1956,129.0418788673819
0.1958,28.44889829156027
0.196,16.284894439073472
0.1962,131.52483714825362
0.19640000000000002,24.29098034253484
0.1966,38.65874555210404
0.1968,362.2954135357707
0.197,39.61946305018251
0.19720000000000001,105.19180805686025
0.19740000000000002,188.13618861227502
0.1976,37.94884236235577
0.1978,1.5570581772672956
0.198,136.13088224257396
0.19820000000000002,94.509543306759
0.19840000000000002,140.63419348179661
0.1986,34.73048040717796
0.1988,62.29284991479737
0.199,135.1694430924886
0.19920000000000002,2.378702404179863
0.19940000000000002,138.93791325502292
0.1996,91.27011913613747
0.1998,14.394879054140443
0.2,13.069015333726282
0.20020000000000002,13.22219838098851
0.20040000000000002,156.59488026214368
0.2006,166.61726413741692
0.2008,64.47731138170603
0.201,159.01837692681661
0.20120000000000002,263.7831504890727
0.20140000000000002,67.37897961521632
0.2016,75.80359599944937
0.2018,67.92821899079782
0.202,560.3774285854442
0.20220000000000002,45.04726900304387
0.2024,216.80380640571738
0.2026,78.53986434741661
0.2028,5.125522600770532
0.203,348.39775418968065
0.20320000000000002,0.49291511536393184
0.2034,150.09220775915966
0.2036,35.78982620690105
0.2038,26.82310337233321
0.20400000000000001,309.0185614844428
0.20420000000000002,18.414256897106323
0.2044,59.87768085739034
0.2046,177.1297377948296
0.2048,7.481917612967096
0.20500000000000002,134.22734870112757
0.20520000000000002,7.916301608644359
0.2054,106.93432958697626
0.2056,43.27689441487661
0.2058,220.57160982815927
0.20600000000000002,45.71032768276337
0.20620000000000002,88.28421965441578
0.2064,88.35734283114247
0.2066,103.1872227276422
0.2068,45.67454791548862
0.20700000000000002,24.433253133995365
0.20720000000000002,11.573802197286382
0.2074,306.7489851701086
0.2076,148.23266344949874
0.2078,206.65470381883873
0.20800000000000002,245.47461532033975
0.2082,49.701715755457464
0.2084,25.02810541617677
0.2086,27.43485505905791
0.2088,76.15957912378225
0.20900000000000002,385.53923065007467
0.2092,10.807191540557692
0.2094,480.01793812000795
0.2096,14.80807769804316
0.20980000000000001,2.7713442649533415
0.21000000000000002,151.6619229861574
0.2102,28.654170948681816
0.2104,71.48113709382136
0.2106,34.86825731317188
0.21080000000000002,28.158494778911187
0.21100000000000002,171.01891059574783
0.2112,65.17454611902852
0.2114,36.05400651340997
0.2116,306.2075100296258
0.21180000000000002,6.888020580302252
0.21200000000000002,96.47852220930012
0.2122,114.32931028394876
0.2124,23.350971954351458
0.2126,10.765548397180797
0.21280000000000002,141.61456381558497
0.21300000000000002,78.73154032577864
0.2132,86.40523386593473
0.2134,0.6919245180040009
0.2136,260.20278807029337
0.21380000000000002,8.829277162384162
0.21400000000000002,14.575598566401863
0.2142,6.380479864067529
0.2144,184.76973904697272
0.2146,82.26728014827806
0.21480000000000002,686.0939685933376
0.215,192.5873826771675
0.2152,201.4318844448567
0.2154,22.886275105787554
0.2156,276.6514782043176
0.21580000000000002,9.969153066241708
0.216,36.249905539197215
0.2162,56.23531706494883
0.2164,66.91386053280017
0.21660000000000001,106.73502838509823
0.21680000000000002,83.16049796040025
0.217,94.37832732184103
0.2172,36.55979331178274
0.2174,47.0032981165238
0.21760000000000002,5.167542372602852
0.21780000000000002,93.26797517737008
0.218,11.682263039212707
0.2182,3.0620363476517642
0.2184,48.40283126863015
0.21860000000000002,0.007830998771903309
0.21880000000000002,9.413138671951714
0.219,52.41764915224509
0.2192,313.38738691189366
0.2194,39.480178117817644
0.21960000000000002,5.530440847740001
0.21980000000000002,258.38871982314083
0.22,328.2521171091685
0.2202,56.72770386551813
0.2204,38.58124743109857
0.22060000000000002,136.5278413025357
0.22080000000000002,32.24065924944562
0.221,288.2633276600784
0.2212,21.25470374140328
0.2214,147.90068578860772
0.22160000000000002,39.041828547472754
0.2218,80.3264681200982
0.222,71.50534570342688
0.2222,111.8091003864817
0.22240000000000001,12.501406843152884
0.22260000000000002,9.33092201676853
0.2228,6.016034051629281
0.223,125.88193587201796
0.2232,70.95090738933332
0.22340000000000002,73.83814137689481
0.22360000000000002,87.87201546570768
0.2238,27.484612152718636
0.224,113.25830545809204
0.2242,131.968710829052
0.22440000000000002,35.56851171265696
0.22460000000000002,155.72802997036482
0.2248,223.05379699612502
0.225,161.2516470335767
0.2252,96.7257703669303
0.22540000000000002,13.105292977463497
0.22560000000000002,138.4588093000974
0.2258,51.75931692095156
0.226,43.10869280741291
0.2262,32.065197594842694
0.22640000000000002,0.3587245702827281
0.22660000000000002,3.868583347157713
0.2268,150.75012836824445
0.227,328.9759339758426
0.2272,55.68188912372862
0.22740000000000002,102.30298707286255
0.22760000000000002,141.13150898471548
0.2278,36.691857040732295
0.228,32.786705551119624
0.22820000000000001,12.307594168195058
0.22840000000000002,19.56580824397746
0.2286,18.886702896506154
0.2288,4.375776559983021
0.229,4.344889013303652
0.22920000000000001,36.676380499247564
0.22940000000000002,56.55212728191226
0.2296,140.20198345496087
0.2298,34.47818938284069
0.23,332.07091516250813
0.23020000000000002,181.388215294671
0.23040000000000002,30.78264914905172
0.2306,7.322888683978566
0.2308,223.0785819196481
0.231,5.658647697089987
0.23120000000000002,28.63004764737168
0.23140000000000002,0.7212981715873822
0.2316,108.6761875275997
0.2318,38.07522470720327
0.232,25.54432906034592
0.23220000000000002,145.57935688202258
0.23240000000000002,54.30263978819287
0.2326,16.588008291447082
0.2328,101.1825157659484
0.233,48.87197262737036
0.23320000000000002,64.81940122813906
0.23340000000000002,128.49177500614476
0.2336,131.21881127813072
0.2338,65.89567809295427
0.234,52.35191814657671
0.23420000000000002,205.54745239688916
0.23440000000000003,155.3257933104077
0.2346,20.94437413480172
0.2348,32.91686133004512
0.23500000000000001,40.35523776537891
0.23520000000000002,49.63921551909698
0.2354,51.57839907398033
0.2356,2.8952573683485103
0.2358,22.776905574849504
0.23600000000000002,160.85953956970485
0.23620000000000002,143.5768996195439
0.2364,98.12459024322888
0.2366,4.450798445171088
0.2368,85.35349530325061
0.23700000000000002,127.64782399622102
0.23720000000000002,3.6536055843276416
0.2374,15.405960486382922
0.2376,26.573981672951952
0.2378,147.91956558747415
0.23800000000000002,51.367066653516176
0.23820000000000002,0.7883645718291142
0.2384,36.92096899822723
0.2386,39.513513035325374
0.2388,21.887721304720753
0.23900000000000002,0.3659241649697558
0.23920000000000002,31.615528415249496
0.2394,68.2681029346366
0.2396,3.604370780205929
0.2398,68.96710521882588
0.24000000000000002,205.80441844334655
0.24020000000000002,93.57273618626606
0.2404,94.670613639339
0.2406,256.37174880531364
0.24080000000000001,13.739562325095239
0.24100000000000002,81.73474177134167
0.2412,9.223351877507415
0.2414,86.87173726481109
0.2416,48.153706255036504
0.24180000000000001,44.49737003213469
0.24200000000000002,5.7902495907644145
0.2422,125.11762456702137
0.2424,7.702667271208658
0.2426,54.86664017884978
0.24280000000000002,83.36834632324839
0.24300000000000002,173.1597216900771
0.2432,3.3312904078027916
0.2434,72.2753485215417
0.2436,20.74145296434264
0.24380000000000002,154.08716522754062
0.24400000000000002,107.29602101962973
0.2442,221.13485494756378
0.2444,54.64334133631842
0.2446,95.59651795963694
0.24480000000000002,89.70567890288656
0.24500000000000002,132.24589747895715
0.2452,17.141720430828936
0.2454,316.40823093612903
0.2456,50.74604127851648
0.24580000000000002,46.81923340372835
0.24600000000000002,34.71365349934651
0.2462,67.40415446196407
0.2464,41.405345902591996
0.2466,67.49499100104522
0.24680000000000002,23.22965870521477
0.24700000000000003,90.99825406692685
0.2472,21.989377314980764
0.2474,256.0632673226524
0.24760000000000001,105.69967474748864
0.24780000000000002,23.046829442815834
0.248,64.4109933603448
0.2482,128.4239122315623
0.2484,31.31534875176294
0.24860000000000002,165.61805778185183
0.24880000000000002,27.250393801535992
0.249,48.68949130449903
0.2492,5.553155617624892
0.2494,346.85727389727833
0.24960000000000002,64.91637536728454
0.24980000000000002,31.011205428893252
0.25,101.50352744558958
0.25020000000000003,35.03663914604783
0.2504,60.83424732144497
0.2506,123.18107728080628
0.2508,99.67193904559538
0.251,3.732955214491208
0.25120000000000003,1.3920682343572133
0.2514,76.57673567850878
0.2516,3.3946054960608554
0.2518,66.30121032195446
0.252,10.054600841260841
0.25220000000000004,19.23270602817764
0.2524,87.78063388470889
0.2526,11.116829544047217
0.2528,60.996981633926055
0.253,46.10320062126178
0.25320000000000004,4.06742421424476
0.2534,7.94216190857013
0.2536,49.26765763955131
0.2538,93.69955035679408
0.254,59.562235818920996
0.25420000000000004,5.484171130395884
0.2544,17.89849836314166
0.2546,96.84819949100428
0.2548,37.41661522102838
0.255,38.702099889766856
0.25520000000000004,16.67267844363446
0.2554,17.66403304900173
0.2556,77.97354333001476
0.2558,176.4077453673369
0.256,2.144496711795457
0.25620000000000004,92.43594120674078
0.2564,23.259906484388754
0.2566,261.23381220955423
0.25680000000000003,10.279017625501131
0.257,184.93597211052395
0.25720000000000004,7.661922012206348
0.2574,54.76907976451649
0.2576,92.52486562820313
0.25780000000000003,47.02294154606334
0.258,30.19423446242925
0.2582,38.201069304450144
0.2584,30.41676277676316
0.2586,143.91788511846886
0.25880000000000003,3.7586846233176314
0.259,20.39712249803845
0.2592,22.322165556940554
0.2594,44.394519556916286
0.2596,30.518298981109726
0.25980000000000003,18.165482333574616
0.26,14.206094115976764
0.2602,67.42499185591312
0.2604,104.7673586393406
0.2606,0.7252308530813141
0.26080000000000003,33.06077557096034
0.261,45.38362410697295
0.2612,152.93663969374106
0.2614,55.084556111660405
0.2616,23.32410337195349
0.26180000000000003,34.574152455257355
0.262,49.543634798739284
0.2622,30.557930390779017
0.2624,67.88641210303769
0.2626,10.574388447335664
0.26280000000000003,16.493348514609178
0.263,75.44863331384346
0.2632,1.16243039648722
0.2634,53.52267754045607
0.2636,23.762953017487767
0.26380000000000003,9.946955641031547
0.264,100.64117780630258
0.2642,33.649684975885926
0.2644,9.393779096282643
0.2646,75.7701315606209
0.26480000000000004,337.3675267663013
0.265,121.02057448420939
0.2652,73.55995352579806
0.2654,92.6832594417571
0.2656,15.233664695679874
0.26580000000000004,8.259048012934505
0.266,9.4268739850089
0.2662,38.935211635620476
0.2664,87.84150386164886
0.2666,273.4363577614828
0.26680000000000004,144.56005431763032
0.267,31.8123417319448
0.2672,22.686334644593543
0.2674,4.343226267450347
0.2676,8.368969846144159
0.26780000000000004,21.65392346709958
0.268,2.2511984583981257
0.2682,243.49197101098852
0.2684,36.78760563969815
0.2686,21.041836923172937
0.26880000000000004,6.059789101446013
0.269,89.60596747266857
0.2692,26.774253109349583
0.26940000000000003,123.02682436250274
0.2696,12.247232417388553
0.26980000000000004,45.5978108446182
0.27,55.59279535694489
0.2702,4.586035320026386
0.27040000000000003,42.155809399658196
0.2706,35.623498008742956
0.27080000000000004,27.353412363430095
0.271,251.62497382278363
0.2712,34.684231370947614
0.27140000000000003,66.2187922668987
0.2716,52.91390268931326
0.2718,10.684953609872508
0.272,115.44177175792714
0.2722,41.30046523763569
0.27240000000000003,48.59950871660353
0.2726,44.58557436402129
0.2728,71.7755841254777
0.273,26.84580279415573
0.2732,52.79531652326511
0.27340000000000003,115.57235277407297
0.2736,59.28827518689245
0.2738,8.948819479684927
0.274,26.557630999002296
0.2742,183.27161212478754
0.27440000000000003,14.276335367192406
0.2746,46.14927060228905
0.2748,112.97768740633914
0.275,34.48710971881038
0.2752,10.907401889408128
0.27540000000000003,26.836930543134997
0.2756,14.864746368192005
0.2758,89.81184849716215
0.276,67.55064546311502
0.2762,29.75001711710455
0.27640000000000003,1.0333713299499065
0.2766,30.995260607285523
0.2768,87.4743479954523
0.277,4.025583181503022
0.2772,31.918546299804905
0.27740000000000004,60.706466484932335
0.2776,50.461833889641234
0.2778,81.75091658343786
0.278,26.309549342680832
0.2782,25.66735684600178
0.27840000000000004,52.047163482101375
0.2786,82.38782001060554
0.2788,28.854991820122297
0.279,133.02924000942022
0.2792,37.315910066719645
0.27940000000000004,65.2814747653034
0.2796,17.585138485153117
0.2798,13.073824649895482
0.28,90.5203289592767
0.2802,19.008788800379563
0.28040000000000004,1.5319451953731658
0.2806,16.979748034638117
0.2808,171.4606203831109
0.281,83.15619878918056
0.2812,43.829261948966355
0.28140000000000004,152.68054757149383
0.2816,22.345613909331966
0.2818,6.533615228655616
0.28200000000000003,5.026839520792571
0.2822,5.201413756717376
0.28240000000000004,117.951323082739
0.2826,41.844261943985884
0.2828,66.67543369789738
0.28300000000000003,61.419400205133066
0.2832,2.334673025491536
0.28340000000000004,14.370682196721132
0.2836,62.83209656381466
0.2838,23.941674038123708
0.28400000000000003,44.8139828891705
0.2842,119.13180478109057
0.2844,17.21677655611006
0.2846,105.75219126162033
0.2848,8.820283155407111
0.28500000000000003,218.9174178712067
0.2852,26.53741839440187
0.2854,23.613774076930916
0.2856,54.33697331828093
0.2858,0.03933201940271063
0.28600000000000003,31.30256977629694
0.2862,59.16644025044864
0.2864,71.19177761193392
0.2866,17.44054209738101
0.2868,42.92791851757961
0.28700000000000003,42.72494695419163
0.2872,72.232782294951
0.2874,102.49645296031125
0.2876,33.06293459859965
0.2878,143.29154118529064
0.28800000000000003,30.377745484239618
0.2882,98.7314632545917
0.2884,25.484327836548342
0.2886,36.166580312567554
0.2888,44.06997792928246
0.28900000000000003,16.267642486596902
0.2892,3.0508893006606304
0.2894,3.230763806169237
0.2896,31.310125759589823
0.2898,29.315904928654973
0.29000000000000004,51.212362259637054
0.2902,23.822222807603758
0.2904,46.39709590281794
0.2906,4.592863931862944
0.2908,109.88514708156497
0.29100000000000004,0.7536591905608127
0.2912,66.23891224878496
0.2914,19.300494904175928
0.2916,85.26905260461392
0.2918,110.69051717929014
0.29200000000000004,20.552370222878718
0.2922,17.563481532812354
0.2924,56.69250909687493
0.2926,44.25935627128497
0.2928,12.61781284640554
0.29300000000000004,27.781455826628076
0.2932,18.101547041127326
0.2934,18.19041050062677
0.2936,31.50442810355177
0.2938,62.85940869613621
0.29400000000000004,63.1631003788613
0.2942,42.44771962913206
0.2944,68.78386367451091
0.29460000000000003,14.522411149481908
0.2948,72.44289605041874
0.29500000000000004,10.06146770481503
0.2952,119.84632987577353
0.2954,18.795631929882212
0.29560000000000003,69.1255352119217
0.2958,58.5211509414156
0.29600000000000004,11.615363907559816
0.2962,36.82622843379604
0.2964,2.29171044192514
0.29660000000000003,43.73348598570161
0.2968,1.7400711197378158
0.29700000000000004,13.782751257296917
0.2972,74.61561790949557
0.2974,32.92584844807567
0.29760000000000003,268.3314980459018
0.2978,82.68555917158997
0.298,32.15931278803745
0.2982,45.80493589029882
0.2984,4.332606405951528
0.29860000000000003,59.06563513871345
0.2988,75.00483761755677
0.299,167.90570566795515
0.2992,5.878509606156203
0.2994,11.681470089703271
0.29960000000000003,66.66413994314135
0.2998,45.10216551472797
0.3,72.98541723991927
0.3002,133.1822231964985
0.3004,44.60139426889788
0.30060000000000003,26.007594712007357
0.3008,137.83548532511338
0.301,14.705780649841559
0.3012,24.11763595218991
0.3014,47.16966934779081
0.30160000000000003,34.40510288245507
0.3018,22.923837495577516
0.302,10.707987307399188
0.3022,97.57710763109648
0.3024,22.866584272940965
0.30260000000000004,152.82683837863388
0.3028,101.59575480294558
0.303,0.3251355746096586
0.3032,36.61229738241344
0.3034,4.744234581597674
0.30360000000000004,3.1832911241582673
0.3038,12.575886403251763
0.304,3.064591032955402
0.3042,13.931012500448837
0.3044,90.97335952712042
0.30460000000000004,2.7060199335314685
0.3048,44.92809584778131
0.305,13.638278837036754
0.3052,31.42796731371351
0.3054,9.060441005506993
0.30560000000000004,23.64978329933049
0.3058,12.742596830437845
0.306,161.59639825725233
0.3062,100.17207149811475
0.3064,9.388850370094865
0.30660000000000004,43.98469727802788
0.3068,24.24185043668733
0.307,31.74893728239202
0.30720000000000003,28.669472838553563
0.3074,29.848601520491428
0.30760000000000004,74.9466266560905
0.3078,45.65857410677557
0.308,49.48755636671281
0.30820000000000003,33.30706928256017
0.3084,79.23508180347913
0.30860000000000004,16.42512104281798
0.3088,73.66630432034839
0.309,14.192806556079127
0.30920000000000003,94.36152982101662
0.3094,30.842702556816757
0.30960000000000004,64.73284244910096
0.3098,13.826579238781557
0.31,19.603184545732745
0.31020000000000003,16.0132786212945
0.3104,72.49522715594263
0.3106,173.6414577720498
0.3108,102.51177170744211
0.311,0.3367245522741085
0.31120000000000003,48.11091908010824
0.3114,2.3081591433176047
0.3116,13.729658697117038
0.3118,70.8363427845639
0.312,0.01444183925886892
0.31220000000000003,27.267787705770118
0.3124,48.72058200209264
0.3126,0.20465329880940605
0.3128,37.61020574817926
0.313,46.04237700188951
0.31320000000000003,97.87920692177912
0.3134,32.41571154803482
0.3136,23.90978487882179
0.3138,65.42066429836586
0.314,21.148717530234403
0.31420000000000003,15.138071466184504
0.3144,1.2929379173993887
0.3146,26.755499923013772
0.3148,88.42114747177233
0.315,2.321969496490491
0.31520000000000004,51.82955454940414
0.3154,34.28319490819663
0.3156,59.38474046083527
0.3158,2.9794495420647267
0.316,6.003763700598957
0.31620000000000004,71.36169120005472
0.3164,2.040390219022033
0.3166,46.76705550089048
0.3168,131.66492154981637
0.317,38.53813289899759
0.31720000000000004,83.03096941401503
0.3174,189.37884064793403
0.3176,26.091517910830753
0.3178,106.88628432718198
0.318,21.868237879663628
0.31820000000000004,53.285214744219985
0.3184,14.401311192697296
0.3186,91.50492737436088
0.31880000000000003,27.60686769053841
0.319,16.9721372649454
0.31920000000000004,14.834261164275278
0.3194,33.24884904125121
0.3196,46.58346271689704
0.31980000000000003,57.13161919841905
0.32,19.441581723838652
0.32020000000000004,26.640924454545562
0.3204,16.395945179024043
0.3206,10.226305528670379
0.32080000000000003,10.506157339836639
0.321,14.065355892712871
0.32120000000000004,7.9795050572145465
0.3214,11.304137606098845
0.3216,0.05491696569506201
0.32180000000000003,2.5167513930243195
0.322,110.17324940606105
0.32220000000000004,20.960471903096096
0.3224,27.482251495644682
0.3226,33.89704240948541
0.32280000000000003,71.49552224825314
0.323,2.4263715300266564
0.32320000000000004,5.02071762939254
0.3234,12.455620369962269
0.3236,13.312892484297956
0.32380000000000003,32.41537210704259
0.324,24.814009491833616
0.3242,20.64570298349516
0.3244,42.519730164096224
0.3246,25.78749739654408
0.32480000000000003,23.300551946233025
0.325,5.453918278885976
0.3252,38.26176391628534
0.3254,108.32996134084635
0.3256,2.358630682538866
0.32580000000000003,6.778164030186714
0.326,104.50853974111904
0.3262,4.289229436905932
0.3264,12.064185323993655
0.3266,8.849191003957868
0.32680000000000003,37.10614637656759
0.327,103.66541024800948
0.3272,15.080539012628781
0.3274,61.954220559477875
0.3276,49.21019895765996
0.32780000000000004,13.468850244507072
0.328,128.28659143464677
0.3282,108.90033616187227
0.3284,24.029537130401838
0.3286,27.695230404030887
0.32880000000000004,55.63443803932733
0.329,5.22374378046204
0.3292,29.513206160327908
0.3294,8.077860431853429
0.3296,15.686219377016917
0.32980000000000004,11.905585865313752
0.33,44.90756207793842
0.3302,18.830714904833552
0.3304,24.45543048248239
0.3306,0.5234550262002419
0.33080000000000004,18.79059452059469
0.331,13.171687281433591
0.3312,0.7451879655739927
0.33140000000000003,11.742029223901831
0.3316,75.0787078167083
0.33180000000000004,42.111953822927006
0.332,75.36128772365497
0.3322,124.63699279942007
0.33240000000000003,22.152269068385188
0.3326,12.001788722815228
0.33280000000000004,9.594639719872669
0.333,13.432284594737585
0.3332,12.713583485206305
0.33340000000000003,41.862208253864196
0.3336,38.303058486252446
0.33380000000000004,2.204447176156702
0.334,28.270967235376006
0.3342,2.7535570501935935
0.33440000000000003,26.0390306139485
0.3346,67.79449998370933
0.33480000000000004,56.74291623494893
0.335,0.11152702515956264
0.3352,21.995640311649012
0.33540000000000003,17.426569038931635
0.3356,2.6966831428070392
0.33580000000000004,39.115117892550124
0.336,41.54256968872597
0.3362,133.91276762905088
0.33640000000000003,2.8721356908121427
0.3366,30.028551134864706
0.33680000000000004,7.536741916018275
0.337,135.62658516562277
0.3372,14.240440101480234
0.33740000000000003,15.90533967018141
0.3376,13.184115268121866
0.3378,0.14353808911188204
0.338,55.278994920092345
0.3382,45.8439667570167
0.33840000000000003,53.56499271257784
0.3386,33.664287927884565
0.3388,24.065235658884827
0.339,17.681741296756396
0.3392,3.942818861743656
0.33940000000000003,17.18495277538651
0.3396,25.36148803636789
0.3398,11.248125180136393
0.34,15.131604953349038
0.3402,89.00900177797718
0.34040000000000004,51.22631038860975
0.3406,18.465516200570136
0.3408,5.944227642772839
0.341,8.7929500397286
0.3412,25.871114892990672
0.34140000000000004,38.79558320256006
0.3416,159.71567743899635
0.3418,0.2811668611991327
0.342,2.5888265713882186
0.3422,3.904065809057409
0.34240000000000004,10.270654942551158
0.3426,30.41985449840736
0.3428,58.08025808525875
0.343,1.5854973587883783
0.3432,35.86743786380487
0.34340000000000004,31.43354955365496
0.3436,16.318840978115972
0.3438,12.77082072618809
0.34400000000000003,6.304772943101662
0.3442,78.20268914623729
0.34440000000000004,17.4639453349402
0.3446,11.668080481234442
0.3448,32.41039180983347
0.34500000000000003,15.258100275812138
0.3452,0.36840145612664926
0.34540000000000004,18.676286499715644
0.3456,13.526681059786384
0.3458,3.726447229432494
0.34600000000000003,67.97663450332584
0.3462,8.451035361881626
0.34640000000000004,10.43634532658488
0.3466,33.20342008354877
0.3468,27.723034246084257
0.34700000000000003,39.581331495477045
0.3472,54.11883092435481
0.34740000000000004,11.162882854201168
0.3476,12.389230314965312
0.3478,13.379467307640352
0.34800000000000003,55.132837545202115
0.3482,11.362297205445591
0.34840000000000004,3.472868824650844
0.3486,20.911551901400326
0.3488,15.93162016722058
0.34900000000000003,31.273511369570635
0.3492,20.638979841190377
0.34940000000000004,31.278833403225406
0.3496,0.8464624619006558
0.3498,13.888964665651178
0.35000000000000003,11.58440368640486
0.3502,22.381582322203112
0.3504,21.63517128541707
0.3506,4.054153805274159
0.3508,16.426776971329485
0.35100000000000003,12.07073672049236
0.3512,9.389386966815453
0.3514,70.07258464433201
0.3516,52.05426208604442
0.3518,7.2831273080244205
0.35200000000000004,20.50653751437992
0.3522,24.167016101780675
0.3524,20.021892001421055
0.3526,6.536980215879494
0.3528,17.522625125048425
0.35300000000000004,8.53675838405519
0.3532,25.932225499367753
0.3534,5.574956691168904
0.3536,63.256535116902064
0.3538,2.285338506944417
0.35400000000000004,4.97933716054833
0.3542,22.159819969966804
0.3544,95.19959425315652
0.3546,12.471568559509938
0.3548,36.10111839153468
0.35500000000000004,21.155281279372023
0.3552,2.693813073267107
0.3554,60.195902011681206
0.3556,7.760387052000752
0.3558,0.7601028261264838
0.35600000000000004,27.34914247826555
0.3562,2.0394043981121577
0.3564,122.82846324688171
0.35660000000000003,199.64950491276022
0.3568,140.8927500041248
0.35700000000000004,31.128566518838948
0.3572,39.53085472152789
0.3574,6.502250337079591
0.35760000000000003,27.537276393352112
0.3578,13.0879255225871
0.35800000000000004,8.33536080397531
0.3582,6.14508176166157
0.3584,9.350830770716522
0.35860000000000003,16.52071407141266
0.3588,8.691929161394093
0.35900000000000004,11.44682445168788
0.3592,1.1037938772458566
0.3594,10.499951393064695
0.35960000000000003,40.25111704938969
0.3598,23.089907077401907
0.36000000000000004,6.011579007743872
0.3602,27.815062234746303
0.3604,23.75778996164407
0.36060000000000003,17.547777417871888
0.3608,1.1963736823593334
0.36100000000000004,7.282206884024704
0.3612,33.60580372240307
0.3614,5.216433667468069
0.36160000000000003,103.56424780063273
0.3618,18.393858142307206
0.36200000000000004,57.79009959539373
0.3622,12.825874157000515
0.3624,17.64240545924174
0.36260000000000003,39.64171535537919
0.3628,95.70344302824003
0.36300000000000004,21.304104808952548
0.3632,8.00217141820637
0.3634,41.24627971899161
0.36360000000000003,10.837348747034522
0.3638,50.705842236782956
0.364,7.84989644692113
0.3642,4.885843901823648
0.3644,36.00839464612619
0.36460000000000004,4.441755571482071
0.3648,16.850224084556455
0.365,2.081864816143282
0.3652,7.778085787820854
0.3654,1.312360799318748
0.36560000000000004,85.98928471296567
0.3658,11.781291646932125
0.366,48.73965389783783
0.3662,12.265565764671988
0.3664,52.664740546327565
0.36660000000000004,23.102133618181025
0.3668,29.8453896190546
0.367,80.22057780360385
0.3672,30.187434812308638
0.3674,43.47496873798022
0.36760000000000004,7.444651734322821
0.3678,7.320593570384262
0.368,11.93607396086865
0.3682,15.15318665371377
0.3684,7.001984915570928
0.36860000000000004,4.517084258960838
0.3688,16.11563281951462
0.369,7.308077449547545
0.36920000000000003,48.76267644635131
0.3694,28.667522011155107
0.36960000000000004,17.711012299754945
0.3698,10.097497461637728
0.37,30.051716160576905
0.37020000000000003,9.427344601095982
0.3704,1.4117027967650848
0.37060000000000004,22.324837433804866
0.3708,12.730220588675959
0.371,4.150513786106183
0.37120000000000003,3.411073974553757
0.3714,17.532444011114865
0.37160000000000004,22.25719316568031
0.3718,10.510461085393072
0.372,69.80770415931082
0.37220000000000003,15.321916060762748
0.3724,4.624236368618226
0.37260000000000004,31.335539569453225
0.3728,10.149843934750393
0.373,9.372334368274982
0.37320000000000003,12.131022028527097
0.3734,49.18450327726972
0.37360000000000004,33.5227391822624
0.3738,5.872536914456689
0.374,6.298442634906891
0.37420000000000003,18.94805895814318
0.3744,31.31008520972941
0.37460000000000004,5.885017127162085
0.3748,8.830333831290359
0.375,11.7711305849411
0.37520000000000003,23.8452156732208
0.3754,10.157667098863925
0.37560000000000004,42.24251493208722
0.3758,14.971373489389423
0.376,18.129610118543482
0.37620000000000003,12.540865498985065
0.3764,10.961075258245748
0.3766,7.259995714395821
0.3768,1.9091959964386749
0.377,1.5006013762589239
0.37720000000000004,10.232353202085905
0.3774,89.35425633471583
0.3776,30.066940793190746
0.3778,0.5315238044081686
0.378,19.99924994433008
0.37820000000000004,17.386380915589008
0.3784,2.6447920156479694
0.3786,24.49776499162343
0.3788,11.192392603791081
0.379,53.98855830655084
0.37920000000000004,3.488814502959438
0.3794,84.47438046586636
0.3796,18.795203531215517
0.3798,60.55967595353233
0.38,59.969063689910655
0.38020000000000004,16.45947597782933
0.3804,27.305832518828637
0.3806,10.928460264554907
0.3808,11.841340025177058
0.381,4.916622765131646
0.38120000000000004,45.79480854602093
0.3814,85.9969478001117
0.3816,56.730643435055484
0.38180000000000003,24.772055337020134
0.382,32.352001479892074
0.38220000000000004,15.552686099028898
0.3824,19.078919985402553
0.3826,6.059982965422702
0.38280000000000003,65.3981906954525
0.383,97.28170938643301
0.38320000000000004,16.50662190637535
0.3834,6.133405278006021
0.3836,31.43363881715709
0.38380000000000003,4.046557447435995
0.384,4.071772252600674
0.38420000000000004,26.412750575074227
0.3844,18.257834397799797
0.3846,45.33703633399343
0.38480000000000003,38.370367221119366
0.385,1.969368492785378
0.38520000000000004,36.05314196205862
0.3854,7.803034846628216
0.3856,27.203620734656923
0.38580000000000003,37.731762160963264
0.386,5.555121849108832
0.38620000000000004,18.88121549590007
0.3864,119.63188941113556
0.3866,21.290546678990854
0.38680000000000003,11.3847713736017
0.387,40.05457767945324
0.38720000000000004,16.22635479420132
0.3874,62.15794767998905
0.3876,15.93825012832601
0.38780000000000003,0.4283957669083808
0.388,15.147535371381041
0.38820000000000005,26.43465880207767
0.3884,0.9515849814668027
0.3886,8.317478314364518
0.38880000000000003,23.565932469564217
0.389,19.036659479796132
0.38920000000000005,8.531231010768654
0.3894,71.48042741659842
0.3896,23.751895831819393
0.38980000000000004,40.652298806017384
0.39,42.16641209686578
0.3902,51.15467852042061
0.3904,47.51961326838
0.3906,0.5130378430253261
0.39080000000000004,38.04332263624707
0.391,63.76270427286852
0.3912,17.649813380977147
0.3914,36.96099613684533
0.3916,24.632638644391108
0.39180000000000004,14.95750683762597
0.392,16.25452039856773
0.3922,55.40475876990364
0.3924,8.740241046039351
0.3926,8.554237912929235
0.39280000000000004,14.853916973689033
0.393,11.003530977102248
0.3932,1.9123595012130874
0.3934,47.728316308775774
0.3936,1.6366037082217761
0.39380000000000004,12.196554083181258
0.394,27.761812832732616
0.3942,27.64006872965068
0.39440000000000003,5.291398372197216
0.3946,51.077350375408855
0.39480000000000004,0.1693896985842159
0.395,42.454823762944365
0.3952,2.047066830478605
0.39540000000000003,18.593248466784143
0.3956,11.194834079267515
0.39580000000000004,6.3881287947163745
0.396,98.82795350417825
0.3962,1.8618545215662623
0.39640000000000003,5.928812809038639
0.3966,17.806252540375354
0.39680000000000004,9.131168032177412
0.397,16.930916060630352
0.3972,25.918199300650546
0.39740000000000003,1.1405105198605712
0.3976,24.208697969884994
0.39780000000000004,7.284737949300347
0.398,23.400002404821045
0.3982,13.045085996205161
0.39840000000000003,14.792394787582618
0.3986,30.794505946049462
0.39880000000000004,5.739429397067402
0.399,56.77424283080024
0.3992,13.568042899867141
0.39940000000000003,17.42306072981438
0.3996,19.042780781995866
0.39980000000000004,27.802028818708866
0.4,13.554835678778394
0.4002,9.70789615355375
0.40040000000000003,15.911139918074474
0.4006,44.03497465823442
0.40080000000000005,23.943974437185087
0.401,4.408563869408333
0.4012,77.82924110412716
0.40140000000000003,20.956180932160105
0.4016,6.253501890664392
0.40180000000000005,24.919864404164297
0.402,13.892172188601407
0.4022,21.085696297441913
0.40240000000000004,17.978073033974223
0.4026,53.366914064071395
0.40280000000000005,0.4248997715389661
0.403,9.538239811528086
0.4032,44.08548128866785
0.40340000000000004,150.82365620404647
0.4036,71.88030616021467
0.4038,11.950509622404804
0.404,0.3742143684156049
0.4042,4.308816610517382
0.40440000000000004,44.67831541822485
0.4046,15.07076326847121
0.4048,26.127807050409515
0.405,2.017258659409004
0.4052,21.82472393268034
0.40540000000000004,27.485758820015576
0.4056,10.61559701808621
0.4058,26.385200441897886
0.406,8.043970324657812
0.4062,18.06699885718173
0.40640000000000004,3.951842888151974
0.4066,6.879154658950204
0.4068,9.888411107195186
0.40700000000000003,34.84651415966063
0.4072,8.293160848456202
0.40740000000000004,2.072290481900817
0.4076,25.7593539165095
0.4078,52.92689562237607
0.40800000000000003,42.3847855312681
0.4082,40.775542490690306
0.40840000000000004,68.87436223769537
0.4086,1.2083071763531799
0.4088,35.259246955807484
0.40900000000000003,14.751283107666088
0.4092,3.824448027260555
0.40940000000000004,0.6776313949234359
0.4096,11.44633229788355
0.4098,5.856700110475497
0.41000000000000003,4.201272976755848
0.4102,12.273124754932729
0.41040000000000004,2.3243698763491683
0.4106,57.08438021485078
0.4108,15.216272585383383
0.41100000000000003,49.33936681944649
0.4112,2.061196238101531
0.41140000000000004,12.428969711527944
0.4116,12.949505754520699
0.4118,10.795595967538437
0.41200000000000003,6.117896848678865
0.4122,7.587127548566644
0.41240000000000004,6.197241914194145
0.4126,8.431222464500333
0.4128,47.42675562262859
0.41300000000000003,18.586778164308036
0.4132,43.348883151007755
0.41340000000000005,70.17522455620106
0.4136,18.170966445880964
0.4138,1.8944401227458263
0.41400000000000003,26.31507008456026
0.4142,8.937833126673807
0.41440000000000005,46.56650495091326
0.4146,12.850530570574401
0.4148,8.65519765620076
0.41500000000000004,8.860261437805184
0.4152,52.08293380421382
0.41540000000000005,25.778665411597583
0.4156,7.844265558134737
0.4158,14.069037767349247
0.41600000000000004,56.07924184775932
0.4162,39.22265480596372
0.4164,152.2917265391069
0.4166,25.917257391765084
0.4168,1.1608099509258545
0.41700000000000004,6.451759910214165
0.4172,5.591668287455129
0.4174,37.856212293875686
0.4176,39.91882013937184
0.4178,45.56744952550991
0.41800000000000004,16.87358258221401
0.4182,10.700218634044601
0.4184,4.938481691180319
0.4186,42.487084927385055
0.4188,15.262211103512714
0.41900000000000004,1.0942796203595913
0.4192,17.149384961094878
0.4194,10.655771894590583
0.41960000000000003,15.217679806164409
0.4198,0.03369679158233316
0.42000000000000004,2.255527776455952
0.4202,1.0846176150795475
0.4204,3.359937894082354
0.42060000000000003,0.719180516542382
0.4208,53.01305280737722
0.42100000000000004,32.2922108096339
0.4212,61.412577978371814
0.4214,3.808663683462551
0.42160000000000003,57.03139830626994
0.4218,5.623655301387041
0.42200000000000004,9.238056406844876
0.4222,6.481028314373697
0.4224,12.797214643810154
0.42260000000000003,49.353598431001984
0.4228,2.93065662632148
0.42300000000000004,20.218838972401674
0.4232,22.690889036825915
0.4234,19.13299901170261
0.42360000000000003,27.06516304329425
0.4238,18.72510282063182
0.42400000000000004,5.078814800083756
0.4242,20.531881330194953
0.4244,33.454625465733706
0.42460000000000003,26.162910214947182
0.4248,4.376044005421881
0.42500000000000004,22.604879293800362
0.4252,21.501288828609216
0.4254,7.220898477909977
0.42560000000000003,20.86943741846045
0.4258,35.03012689788255
0.42600000000000005,6.206495315503007
0.4262,13.470264183848677
0.4264,30.490143187181797
0.42660000000000003,22.631882750619
0.4268,32.291836885503635
0.42700000000000005,141.1037820970517
0.4272,5.059807496771604
0.4274,24.2505382118607
0.42760000000000004,19.167632474385325
0.4278,38.13014299974866
0.42800000000000005,24.06963291351735
0.4282,21.477361579160462
0.4284,29.999105443483028
0.42860000000000004,0.8464076570402199
0.4288,6.675458367083176
0.42900000000000005,8.817027415218336
0.4292,38.205393762627125
0.4294,11.05531841495675
0.42960000000000004,13.471507650978829
0.4298,11.74852888035705
0.43,3.0974255650686224
0.4302,38.56248775910194
0.4304,1.1241804912917142
0.43060000000000004,9.30064862234129
0.4308,23.71306432645679
0.431,3.255802390278451
0.4312,6.798942616522792
0.4314,1.9161775728830417
0.43160000000000004,18.715604314749196
0.4318,115.22442203356037
0.432,17.325901335313944
0.43220000000000003,27.70333432128242
0.4324,26.605956376808056
0.43260000000000004,81.24741749488543
0.4328,11.869691592483914
0.433,4.102180971286805
0.43320000000000003,10.52181482402849
0.4334,4.035260061065159
0.43360000000000004,2.9385855136028267
0.4338,1.83471968344203
0.434,10.762069357039227
0.43420000000000003,5.729958319791554
0.4344,12.086703299073205
0.43460000000000004,21.27952991704808
0.4348,23.12389035674457
0.435,3.527914947048306
0.43520000000000003,0.38689999768598465
0.4354,19.282306177155753
0.43560000000000004,24.681442011249278
0.4358,0.6224552543552437
0.436,7.587297707779334
0.43620000000000003,13.15435903463885
0.4364,21.040234960552496
0.43660000000000004,25.874000196985993
0.4368,30.71698742754177
0.437,13.894094931252711
0.43720000000000003,33.41164418543078
0.4374,5.690624621303652
0.43760000000000004,34.841783892023805
0.4378,18.062796265531155
0.438,3.7059657110585977
0.43820000000000003,4.885130006375994
0.4384,8.106995895528168
0.43860000000000005,13.560377666268783
0.4388,18.203030037742764
0.439,55.06661611623496
0.43920000000000003,8.519157345345775
0.4394,7.5036057363377635
0.43960000000000005,7.555459704531831
0.4398,10.148512159908373
0.44,57.6415675229516
0.44020000000000004,14.93597614188688
0.4404,22.49755682523281
0.44060000000000005,17.36346303555949
0.4408,14.011774026276774
0.441,0.1675601591723948
0.44120000000000004,11.508682360851166
0.4414,4.298058119828425
0.44160000000000005,11.80293526092711
0.4418,3.6651122990805374
0.442,29.25279872556561
0.44220000000000004,13.505193999156656
0.4424,34.32505645878895
0.44260000000000005,18.06044265768656
0.4428,18.246131279983118
0.443,7.10492946225943
0.44320000000000004,27.415593543439673
0.4434,2.7421509040755074
0.4436,10.87233602909105
0.44380000000000003,3.951282319811227
0.444,59.65520941040849
0.44420000000000004,37.30514921415926
0.4444,9.535312638065333
0.4446,6.083096302893887
0.44480000000000003,49.724284253798764
0.445,26.858132653011037
0.44520000000000004,5.952471918215527
0.4454,31.622435114747915
0.4456,5.618621957870814
0.44580000000000003,22.60447450226697
0.446,2.6543533783886835
0.44620000000000004,30.973907907326257
0.4464,1.8737499383578855
0.4466,2.6500690808271035
0.44680000000000003,40.30121434830622
0.447,3.4910855602041346
0.44720000000000004,4.572876777402715
0.4474,14.724181456244004
0.4476,28.346481306238555
0.44780000000000003,65.0217205760392
0.448,6.96126600364067
0.44820000000000004,1.2081209012863476
0.4484,1.1174994974709722
0.4486,9.48918630324285
0.44880000000000003,2.638850746920462
0.449,9.313569065316141
0.44920000000000004,9.451470104709216
0.4494,14.608408377694317
0.4496,42.29208982358952
0.44980000000000003,23.4068888499704
0.45,59.15556615116522
0.45020000000000004,16.216655803733023
0.4504,12.100670754332885
0.4506,35.106911658295196
0.45080000000000003,16.3708919289485
0.451,68.87644712078293
0.45120000000000005,7.740449319517883
0.4514,9.597116380421653
0.4516,1.7248645279511285
0.45180000000000003,38.702619056274095
0.452,5.392145084408336
0.45220000000000005,13.039612398422337
0.4524,1.3480060569232266
0.4526,7.85215400537104
0.45280000000000004,8.009622389697032
0.453,20.350985853676796
0.45320000000000005,20.973417881755154
0.4534,10.820879330000295
0.4536,3.0042235269257223
0.45380000000000004,4.791730759144404
0.454,1.0748345531871843
0.45420000000000005,8.132444006837082
0.4544,25.988831102496253
0.4546,23.39812755462878
0.45480000000000004,5.879067389502941
0.455,46.66461604423066
0.45520000000000005,12.912786897847635
0.4554,8.826889045268345
0.4556,65.35144476819357
0.45580000000000004,36.77358918348842
0.456,14.59066699940739
0.4562,5.526530981088796
0.45640000000000003,21.502632900216724
0.4566,23.76914860781006
0.45680000000000004,0.3633410771134535
0.457,2.815328999058857
0.4572,15.037817618087304
0.45740000000000003,124.25318426240936
0.4576,5.687282909553081
0.45780000000000004,26.768210879682382
0.458,40.83560146009847
0.4582,99.67804218932437
0.45840000000000003,12.009869493820922
0.4586,38.660192283737814
0.45880000000000004,20.639467867971245
0.459,2.251719612767784
0.4592,46.884563486228046
0.45940000000000003,4.7841841491084605
0.4596,7.084585204693851
0.45980000000000004,18.153770331091636
0.46,8.932171092031819
0.4602,30.61811566037551
0.46040000000000003,3.688906077175343
0.4606,6.025393680078506
0.46080000000000004,8.592419635490838
0.461,35.26326694594049
0.4612,34.85934186994297
0.46140000000000003,112.66713384926204
0.4616,25.97928426959545
0.46180000000000004,34.133099070681524
0.462,24.412280104487426
0.4622,22.986164329131288
0.46240000000000003,5.5197670382098325
0.4626,8.781062084639016
0.46280000000000004,16.856018340402507
0.463,11.214907775970916
0.4632,1.4706793692859415
0.46340000000000003,21.60009656769443
0.4636,13.401541175339164
0.46380000000000005,4.439549123432227
0.464,8.533846012023389
0.4642,22.978343720510384
0.46440000000000003,26.26732797261168
0.4646,31.380925233328295
0.46480000000000005,26.473154541675513
0.465,27.506231508605833
0.4652,23.840887428636943
0.46540000000000004,7.741764128272187
0.4656,6.779519603146073
0.46580000000000005,0.6559610842578829
0.466,2.6619409440807993
0.4662,25.467278162158443
0.46640000000000004,9.613610234783057
0.4666,37.09764316611473
0.46680000000000005,25.906478614219356
0.467,3.004115455540486
0.4672,8.450506487385134
0.46740000000000004,0.9799206767201449
0.4676,3.8303777325575465
0.46780000000000005,24.498803294882357
0.468,13.840504054836947
0.4682,4.269561175276486
0.46840000000000004,0.7772172464371448
0.4686,11.795438789947644
0.46880000000000005,0.7611720811474908
0.46900000000000003,3.5149545334367476
0.4692,5.500541106527139
0.46940000000000004,21.813019886410032
0.4696,1.3600657120243715
0.4698,1.3942143084913117
0.47000000000000003,15.319857414556449
0.4702,8.713430919937743
0.47040000000000004,15.896999152088485
0.4706,0.367517499769935
0.4708,12.724646559931077
0.47100000000000003,11.55069367897956
0.4712,9.232147023942563
0.47140000000000004,9.684767237019413
0.4716,40.006467598646715
0.4718,9.100426032638376
0.47200000000000003,5.453463775117818
0.4722,12.055888001682526
0.47240000000000004,9.036204004849038
0.4726,0.2389456082979686
0.4728,18.460862315414964
0.47300000000000003,7.065671132547272
0.4732,25.17690500822396
0.47340000000000004,4.11995458656546
0.4736,11.028854185950143
0.4738,48.67743396847911
0.47400000000000003,46.588235865988615
0.4742,2.178683228827306
0.47440000000000004,119.03438501966423
0.4746,40.86203186185814
0.4748,17.428862001922194
0.47500000000000003,3.3442679023189297
0.4752,1.0393535436726364
0.47540000000000004,10.116600307371852
0.4756,34.68133650223717
0.4758,61.494383276994085
0.47600000000000003,24.498236482493756
0.4762,6.651227506656757
0.47640000000000005,18.91891591544525
0.4766,2.606792567128081
0.4768,5.427730627422964
0.47700000000000004,36.33866528147345
0.4772,1.8590262112879947
0.47740000000000005,9.756609599837486
0.4776,36.86504508932379
0.4778,18.062795060463966
0.47800000000000004,3.923274823507136
0.4782,7.135347418064449
0.47840000000000005,13.871309602044622
0.4786,8.514012555415773
0.4788,34.49431742764344
0.47900000000000004,1.8173745194315547
0.4792,3.405625540106626
0.47940000000000005,28.597898470174183
0.4796,15.232556521292043
0.4798,5.0756177479517515
0.48000000000000004,11.131032679544026
0.4802,24.43623058663369
0.48040000000000005,1.7547064857270793
0.4806,4.892848519293192
0.4808,2.5584828224184037
0.48100000000000004,9.724730620128879
0.4812,11.971198380993808
0.48140000000000005,15.778560761983346
0.48160000000000003,49.168738242890036
0.4818,9.133874508727356
0.48200000000000004,32.04114579601998
0.4822,3.1932283413533167
0.4824,14.264959744982459
0.48260000000000003,1.7235222076866663
0.4828,32.80501881988165
0.48300000000000004,6.184621745745618
0.4832,126.98958012669829
0.4834,12.236922839471514
0.48360000000000003,14.234500019370428
0.4838,3.49175764594022
0.48400000000000004,8.279967489223068
0.4842,18.90870722289274
0.4844,39.113191632896225
0.48460000000000003,72.91234182167783
0.4848,34.04364881135864
0.48500000000000004,14.356536319156142
0.4852,1.2591824535671852
0.4854,8.687328130548428
0.48560000000000003,13.619239466300098
0.4858,2.456677430716665
0.48600000000000004,46.562160112800726
0.4862,16.63779033302048
0.4864,12.347223686016518
0.48660000000000003,46.40422716711658
0.4868,11.370880496795131
0.48700000000000004,19.633539776878095
0.4872,16.78696441083918
0.4874,68.84404894071201
0.48760000000000003,7.290116812255641
0.4878,39.05082697347324
0.48800000000000004,19.96447126168641
0.4882,6.5409238983866596
0.4884,16.13217044246131
0.48860000000000003,12.872632300964174
0.4888,3.299712109211542
0.48900000000000005,10.695232930422268
0.4892,0.07905124284572589
0.4894,4.388830923342891
0.48960000000000004,7.852830924020964
0.4898,0.8589608621311261
0.49000000000000005,9.141839212091918
0.4902,15.42262758878473
0.4904,14.571224576326683
0.49060000000000004,20.228093757533422
0.4908,6.013752441446725
0.49100000000000005,25.65116401328512
0.4912,32.33587744860977
0.4914,2.652274959353055
0.49160000000000004,24.322858546928792
0.4918,13.35919945619546
0.49200000000000005,12.719827196588643
0.4922,48.929908355209456
0.4924,15.1066928683095
0.49260000000000004,14.246360454774182
0.4928,12.3581072294367
0.49300000000000005,19.463197110910368
0.4932,6.32175794242193
0.4934,19.6741962638027
0.49360000000000004,13.884802122317721
0.4938,12.226402523203907
0.49400000000000005,1.1515017837622334
0.49420000000000003,5.739291144054326
0.4944,1.7175807645374108
0.49460000000000004,8.844207595196847
0.4948,15.670359704230236
0.49500000000000005,0.5093217126657895
0.49520000000000003,1.3391172205668012
0.4954,2.929748255203562
0.49560000000000004,8.410791792210988
0.4958,9.216690420429405
0.496,4.9447138377326105
0.49620000000000003,3.8821288369113702
0.4964,61.758686483657044
0.49660000000000004,2.116356603641957
0.4968,3.6851328664938636
0.497,19.357581525798867
0.49720000000000003,8.642120161036196
0.4974,3.476735924271826
0.49760000000000004,3.734128471272361
0.4978,14.785096784672119
0.498,6.3195728484252305
0.49820000000000003,31.61721330645031
0.4984,6.042002021882702
0.49860000000000004,24.24971185471001
0.4988,32.44905658140801
0.499,9.30960705762547
0.49920000000000003,31.809194147170526
0.4994,15.02082173670335
0.49960000000000004,13.819401382760118
0.4998,22.68579364017763
0.5,8.485352739294786
